claim_id,text,label,speaker,subject,party,venue,origin_platform,origin_community,origin_time,virality_score,credibility_history
3479,Says Wisconsin Supreme Court Justice David Prosser has prejudged matters that are likely to come before the court.,fake,joanne-kloppenburg,legal-issues,none,a newspaper interview,WhatsApp,Health,2024-01-20,0.189,0.333
9965,Says Mary Landrieu voted to fund benefits for illegal immigrants ahead of veterans.,fake,bill-cassidy,"federal-budget,immigration,message-machine-2014,veterans",republican,a campaign ad,Reddit,Health,2024-04-05,0.818,0.0
10083,"3,000 teachers lost their jobs when (Crist) was governor.",fake,rick-scott,"economy,education,stimulus",republican,a debate at Broward College,WhatsApp,Conspiracy,2024-09-07,0.773,0.554
9224,Says North Carolina Republican Senate candidate Thom Tillis called Obamacare a great idea.,fake,kay-hagan,health-care,democrat,a radio ad,WhatsApp,Science,2024-03-14,0.743,0.75
12249,The city of Charlotte passed a bathroom ordinance mandate on every private-sector employer in Charlotte.,fake,pat-mccrory,"gays-and-lesbians,states",republican,"an interview on NBC's ""Meet the Press""",WhatsApp,Politics,2024-06-24,0.865,0.273
762,Barack Obama opposed a bill that would have saved Gianna Jessen's life.,fake,bornalivetruth-org,abortion,none,a television ad,Telegram,Conspiracy,2024-10-23,0.637,0.0
11631,Says Thomas Jefferson helped craft the Constitution.,fake,ben-carson,history,republican,a TV interview.,Telegram,Politics,2024-11-09,0.672,0.179
781,Oil companies ...currently have 68-million acres that they're not using.,fake,barack-obama,energy,democrat,"a debate in Nashville, Tenn.",Telegram,Conspiracy,2024-07-29,0.82,0.683
2043,Says Democratic opponent is too Republican to stand up for us.,fake,vincent-fort,elections,democrat,mailer,Facebook,Politics,2024-02-25,0.863,0.6
10946,Says Scott Walker runs a state government that bans employees from talking about climate change.,fake,forecast-facts,environment,organization,a statement on a web page.,Twitter,Conspiracy,2024-06-30,0.436,0.0
9706,This administration is slashing the Navy to pay for more Obamacare.,fake,ed-gillespie,"health-care,message-machine-2014,military",republican,a debate.,Reddit,Mainstream,2024-04-28,0.228,0.4
8238,An account of attacks in Benghazi written by former White House press secretary Dee Dee Myers shows that the body of U.S. Ambassador to Libya Christopher Stevens was dragged through the streets and abused.,fake,chain-email,"foreign-policy,terrorism",none,a chain email,Twitter,Mainstream,2024-05-05,0.624,0.076
417,"Obama ""has no experience or background at all in national security affairs.""",fake,john-mccain,foreign-policy,republican,"interview on MSNBC's ""Morning Joe"" ",Telegram,Conspiracy,2024-10-05,0.904,0.466
2104,Recent data showed Nevada ranks 50th in the money received from the stimulus bill.,fake,american-crossroads,"federal-budget,message-machine,stimulus",republican,a campaign commercial,Reddit,Mainstream,2024-02-02,0.369,0.286
3687,"Says judges are using Shariah law in Dearborn, Mich.",fake,leo-berman,religion,republican,a House committee hearing,Facebook,Conspiracy,2024-03-03,0.627,0.0
4942,You look at defense were spending more than the rest of the world combined.,fake,jon-huntsman,"federal-budget,military,new-hampshire-2012",republican,"a debate at St. Anselm College in Manchester, N.H.",WhatsApp,Politics,2024-04-20,0.073,0.562
9315,State Rep. Elena Parent supported Governor Nathan Deals plan to slash the HOPE scholarship.,fake,kyle-williams,"education,elections",democrat,campaign fllier,Facebook,Mainstream,2024-08-11,0.65,0.0
3631,It is a fact that it costs more to run the schools in August.,fake,kathleen-angelucci,education,republican,a newspaper article,Twitter,Mainstream,2024-10-26,0.706,0.0
5759,"A proposed regional transportation tax will last a minimum of 10 years, and has been approved to last longer.",fake,anonymous-flier,transportation,none,,Facebook,Health,2024-08-02,0.64,0.0
13361,"When asked about bills in Congress important to the North Country, Derrick responded I just dont know enough about it.",fake,elise-stefanik,health-care,republican,a television ad,Twitter,Politics,2024-12-30,0.413,0.0
7108,A precinct in the Allen West-Patrick Murphy recount has 7 registered voters in Guatemalan community and the tally showed 900 voted!!!!!,fake,facebook-posts,elections,none,a post on Facebook,Facebook,Health,2024-07-24,0.823,0.277
10168,"A new Colorado law literally allows residents to print ballots from their home computers, then encourages them to turn ballots over to collectors.",fake,megyn-kelly,elections,talk-show-host,"a segment on ""The Kelly File""",Facebook,Mainstream,2024-04-16,0.911,0.667
985,Gov. Sarah Palin got precisely zero support for her call for Alaskas Democratic Senator Mark Begich to resign because Ted Stevens corruption conviction was overturned.,fake,rachel-maddow,"elections,pundits",none,an episode of her MSNBC show,Twitter,Science,2024-07-13,0.586,0.435
4686,"You are prohibited from walking into the Capitol with a gun, but you can go after the County Commission or the School Board.",fake,jim-waldman,"government-regulation,guns",democrat,a news blog,WhatsApp,Mainstream,2024-08-26,0.499,0.0
9606,We are accepting more legal immigrants than we ever have in the history (of the United States.),fake,rick-santorum,immigration,republican,"a ""Meet the Press"" pundit panel",Reddit,Conspiracy,2024-08-16,0.764,0.377
12529,Assault rifles already are banned.,fake,ron-johnson,"government-regulation,guns,terrorism",republican,an interview,Facebook,Health,2024-11-14,0.516,0.488
11227,"Under Scott Walker, the Wisconsin middle class is shrinking at a faster rate than any other state in the country.",fake,rachel-maddow,"economy,families,income",none,a television show,Facebook,Mainstream,2024-08-03,0.648,0.435
12999,"And while (Ted) Strickland proposed cuts for services for children, he wasted over $250,000 remodeling his bathrooms at the governors mansion.",fake,national-republican-senatorial-committee,"candidates-biography,economy,job-accomplishments",republican,"Flush, a campaign ad ",Twitter,Politics,2024-07-08,0.092,0.3
9174,Says Gov. Scott Walkers repeal of a 2009 law has left Wisconsin as one of five states without an equal pay law protecting women from gender discrimination in their paycheck.,fake,mary-burke,"legal-issues,women,workers",democrat,a campaign email,Reddit,Health,2024-04-25,0.73,0.594
8212,"Obamacare-caused paperwork will annually absorb 190 million hours or more--and Mount Rushmore could be built 1,547 times over with the paperwork.",fake,ted-cruz,"federal-budget,health-care",republican,a Senate floor colloquy,WhatsApp,Mainstream,2024-02-26,0.366,0.306
5351,You cant pass a budget in the Senate of the United States without 60 votes.,fake,jack-lew,"congressional-rules,federal-budget",democrat,"an interview on CNN's ""State of the Union with Candy Crowley""",WhatsApp,Science,2024-11-02,0.272,0.5
9614,The Obama Administration is suing a Wisconsin company for forcing employees to speak English.,fake,blog-posting,"labor,workers",none,blog postings,WhatsApp,Politics,2024-06-29,0.388,0.103
9986,"After the 2012 redistricting, Wisconsin has competitive congressional districts.",fake,paul-ryan,redistricting,republican,a speech,Twitter,Mainstream,2024-09-10,0.346,0.526
8446,I never was in favor of shutting down the government. (I) voted to fund the government fully.,fake,marco-rubio,"federal-budget,health-care",republican,"an interview on ""Fox News Sunday""",Facebook,Science,2024-03-26,0.58,0.519
4343,The studies have shown us that [drug testing for welfare recipients] will be saving us money,fake,doreen-costa,"children,drugs,economy,families,florida,government-regulation,hunger,marijuana,poverty,state-budget,state-finances",republican,a radio interview,Telegram,Health,2024-06-22,0.428,0.0
605,Senator Obama has voted 94 times to either increase your taxes or against tax cuts.,fake,john-mccain,taxes,republican,comment from McCain spokesman Tucker Bounds on Fox News,Telegram,Politics,2024-02-25,0.921,0.466
3294,I campaigned on (the proposals in the budget repair bill for Wisconsin) all throughout the election. Anybody who says they are shocked on this has been asleep for the past two years.,fake,scott-walker,"labor,state-budget",republican,a news conference,Twitter,Conspiracy,2024-09-26,0.82,0.48
12296,"Marijuana is a Schedule I drug, which you understand means that you cant do any research about it.",fake,hillary-clinton,"drugs,government-regulation,marijuana,market-regulation,science",democrat,"a ""Good Morning America"" town hall",Facebook,Science,2024-11-10,0.893,0.656
1155,"The Department of Veterans Affairs has a manual out there telling our veterans stuff like, 'Are you really of value to your community?' You know, encouraging them to commit suicide.",fake,michael-steele,"health-care,veterans",republican,a Fox News interview,Twitter,Conspiracy,2024-12-15,0.457,0.25
2741,North Dakotas economy is reeling.,fake,crossroads-gps,"economy,message-machine,states",republican,a campaign commerical,Telegram,Health,2024-07-19,0.354,0.294
8032,"This is the same (farm) bill we voted on a few weeks ago, with the exception of one or two sentences.",fake,john-boehner,"agriculture,federal-budget",republican,a news conference,Reddit,Conspiracy,2024-12-04,0.336,0.288
4881,Says Barack Obama had huge majorities in Congress during his first two years in office and did nothing with them to create jobs in America.,fake,chris-christie,"federal-budget,jobs,stimulus",republican,a radio interview,Twitter,Mainstream,2024-10-13,0.434,0.568
7876,"Says At age 76 when you most need it, you are not eligible for cancer treatment under Affordable Care Act.",fake,chain-email,"health-care,medicare",none,a chain email,WhatsApp,Politics,2024-05-08,0.834,0.076
6770,Says Obama sent $450 million to China to build a wind farm in Texas.,fake,americans-tax-reform,"china,jobs,message-machine-2012,stimulus",none,a mailer to voters,Facebook,Science,2024-01-07,0.461,0.286
13295,Its possible that non-citizen voters were responsible for Obamas 2008 victory in North Carolina.,fake,donald-trump,"crime,elections,immigration,states",republican,"a speech in Green Bay, Wisconsin",Reddit,Politics,2024-05-20,0.617,0.27
11955,"Says Milwaukee County Executive Chris Abele spent $100,000 of taxpayer money on a new luxury SUV.",fake,wisconsin-working-families-party,county-budget,none,a direct mail flier,Facebook,Mainstream,2024-06-18,0.636,0.0
1188,"The Obama administration ""was successful in rushing a massive spending bill through Congress in just two days after which it sat on the president's desk for three days, while he was away on vacation.""",fake,thomas-sowell,"economy,health-care,pundits",none,a column in Investor's Business Daily.,WhatsApp,Mainstream,2024-12-06,0.42,0.0
5932,On support for Ronald Reagans policies,fake,mitt-romney,history,republican,comments during his campaigns,Telegram,Health,2024-07-16,0.895,0.517
6908,Says Joe Biden went to China and said that he sympathized and wouldnt second-guess their one-child policy of forced abortions and sterilizations.,fake,paul-ryan,"abortion,china",republican,the vice presidential debate,Facebook,Conspiracy,2024-07-10,0.297,0.526
6673,Weve doubled our use of renewable energy.,fake,barack-obama,energy,democrat,"a speech in Seminole, Fla.",WhatsApp,Politics,2024-09-29,0.185,0.683
4697,Gov. Scott Walkers plan to freeze pay for state employees includes a 5.4 percent raise for himself.,fake,blog-posting,state-finances,none,blog posts,WhatsApp,Mainstream,2024-04-11,0.814,0.103
8851,"Every year since Gov. Walker and the Republicans have been in control of the Legislature weve created fewer jobs, according to the Bureau of Labor Statistics.",fake,brett-hulsey,"job-accomplishments,jobs",democrat,a radio interview,Telegram,Politics,2024-07-04,0.534,0.0
9601,"Perdue mismanaged Pillowtex, and nearly 8,000 people got laid off.",fake,jack-kingston,economy,republican,an ad,Facebook,Science,2024-03-25,0.838,0.636
12727,Neighborhoods have become more violentunder President Barack Obamas watch.,fake,darryl-glenn,crime,republican,a speech at the Republican convention,WhatsApp,Health,2024-05-20,0.909,0.0
9200,Eighty percent of Wall Street executives and their spouses donations go to Democrats.,fake,louie-gohmert,"campaign-finance,financial-regulation",republican,a speech at the New Hampshire Freedom Summit,WhatsApp,Health,2024-09-02,0.862,0.1
8619,Back door gun control is in full effect in the United States due to Obamas Environmental Protection Agency.,fake,allen-west,"environment,guns,health-care,public-health",republican,a blog on his website,Reddit,Politics,2024-06-25,0.596,0.174
2240,We didnt have a development director for over seven months.,fake,john-kasich,"economy,government-efficiency,state-budget",republican,a campaign speech,WhatsApp,Mainstream,2024-05-31,0.161,0.583
5312,David Dewhurst has a record of promoting an income tax.,fake,ted-cruz,taxes,republican,a handout.,Twitter,Health,2024-07-29,0.59,0.306
13404,"Twitter, Google and Facebook are burying the FBI criminal investigation of Clinton. Very dishonest media!",fake,donald-trump,"elections,technology",republican,a Tweet,Telegram,Politics,2024-10-04,0.354,0.27
7954,"The Senate immigration bill has immediate legalization ... and the border security is sometime in the future, and just like in 1986, its designed never to come into being.",fake,ted-cruz,"corrections-and-updates,immigration",republican,an interview with Fox News,Telegram,Politics,2024-08-05,0.655,0.306
10631,Birth control pioneer Margaret Sanger wasan active participant in the Ku Klux Klan.,fake,william-obrien,abortion,republican,a Facebook post,Twitter,Mainstream,2024-04-30,0.391,0.25
12679,"Says Sen. John McCain spent the July 4 weekend in Islamabad, Pakistan, selling F-16s and advanced weapons to the folks who harbored Osama bin Laden.",fake,kelli-ward,terrorism,republican,a campaign advertisement,Facebook,Politics,2024-01-21,0.722,0.0
6446,Says library district would come at no direct cost to the city budget.,fake,multnomah-county-library-foundation,"city-budget,county-budget",organization,a newsletter.,WhatsApp,Health,2024-06-22,0.518,0.0
9040,"Says Mary Burkes 2007-09 state budget had a tax hike of $1.8 billion -- costing every man, woman and child in the state an extra $310.",fake,republican-party-wisconsin,"state-budget,state-finances,taxes",republican,a website ad,WhatsApp,Health,2024-01-27,0.712,0.417
7167,More than 50 percent of those people getting minimum wage in this state are high school students.,fake,robert-singer,"income,labor,workers",republican,a speech on the New Jersey Senate floor,Reddit,Conspiracy,2024-12-15,0.548,0.0
13159,Says Miami Congressman Carlos Curbelo supports drilling offshore and repeatedly voted against President Obamas ability to fight pollution and combat climate change.,fake,democratic-congressional-campaign-committee,"climate-change,environment",democrat,a TV ad,Telegram,Politics,2024-11-21,0.9,0.176
7953,Says unsuccessful Texas abortion legislation was supported by a majority of Texans.,fake,jerry-patterson,"abortion,polls",republican,an email blast.,Reddit,Science,2024-07-30,0.25,0.667
13496,CNN accidentally aired 30 minutes of pornography in Boston on Thanksgiving night.,fake,blog-posting,fake-news,none,posts on the Internet,Telegram,Science,2024-05-22,0.208,0.103
3982,Says that Sherrod Brown voted to cut Medicare by over $500 billion in order to fund government-run health care.,fake,national-republican-senatorial-committee,"health-care,medicare,voting-record",republican,a news release,Facebook,Mainstream,2024-05-10,0.95,0.3
6063,Virginia is home to more veterans per capita than any state in America.,fake,bob-mcdonnell,"census,military,veterans",republican,a speech.,Reddit,Mainstream,2024-01-11,0.408,0.481
7531,U.S. Rep. Scott Rigell wants gun owners in a federal registration system.,fake,national-association-gun-rights,guns,none,a TV ad.,WhatsApp,Science,2024-06-28,0.56,0.0
12872,Donald Trump says all Mexicans are rapists.,fake,tim-kaine,immigration,democrat,a speech.,Reddit,Science,2024-05-04,0.564,0.732
12643,Says she never received nor sent any material that was marked classified on her private email server whilesecretary of state.,fake,hillary-clinton,"corrections-and-updates,ethics,foreign-policy,technology",democrat,an interview on MSNBC,Facebook,Health,2024-12-04,0.562,0.656
1907,"The White House has ""refused"" international help in dealing with the oil spill.",fake,george-lemieux,"energy,environment,oil-spill",republican,an interview on CNN and a posting on Twitter,Twitter,Health,2024-03-30,0.659,0.667
11305,Annexation would lead to overcrowding at Decaturs city schools.,fake,internet-commenters,education,none,comments on various local blogs,Twitter,Politics,2024-03-08,0.664,0.0
11104,The five Guantanamo detainees swapped for Bowe Bergdahl are right now back on the battlefield.,fake,donald-trump,terrorism,republican,a campaign rally in South Carolina,Twitter,Conspiracy,2024-09-08,0.616,0.27
2118,"Karen Handel would have felt like it was OK to go in and abort Sarah Palins son Trig, who has Down syndrome.",fake,melanie-crozier,abortion,none,a Politico article,Reddit,Politics,2024-04-18,0.747,0.0
4823,Says the Simpson-Bowles deficit reduction proposal urged raising $2 trillion in new revenue.,fake,john-kerry,"federal-budget,taxes",democrat,"an interview on NBC's ""Meet the Press""",Twitter,Mainstream,2024-06-03,0.812,0.583
11719,Existing law right now requires 700 miles of double-layered border fencing on the Mexico border.,fake,ted-cruz,immigration,republican,a radio interview.,Telegram,Politics,2024-12-02,0.286,0.306
7854,U.S. Rep. John Barrows plan puts the IRS in charge of your health care.,fake,national-republican-congressional-committee,health-care,republican,a billboard,Twitter,Mainstream,2024-04-02,0.593,0.271
13462,The @nytimes states today that DJT believes more countries should acquire nuclear weapons. How dishonest are they. I never said this!,fake,donald-trump,nuclear,republican,a tweet,Reddit,Mainstream,2024-11-23,0.595,0.27
9846,Says Rick Scott has teamed up with a felon convicted of running a Ponzi scheme to smear Charlie Crist.,fake,charlie-crist,"campaign-finance,crime",democrat,a TV ad,Telegram,Politics,2024-09-23,0.624,0.6
295,"When the Fair Tax becomes law, it will be like waving a magic wand releasing us from pain and unfairness.",fake,mike-huckabee,taxes,republican,,WhatsApp,Science,2024-04-16,0.755,0.364
10531,"ISIS lures women with kittens, nutella.",fake,cnn,"terrorism,women",none,a graphic on CNN Newsroom,Twitter,Conspiracy,2024-11-02,0.702,0.0
5879,Says that Rep. Betty Sutton would rather riot with Occupy (Wall Street) than stand up for Ohio families.,fake,national-republican-congressional-committee,"economy,jobs,poverty,wealth",republican,an email statement,Twitter,Science,2024-11-26,0.651,0.271
8532,"In the last four years, our economy has grown on average 0.9 percent a year.",fake,ted-cruz,economy,republican,"an interview on NBC's ""The Tonight Show with Jay Leno""",Telegram,Science,2024-03-24,0.717,0.306
9070,The Greenlight Pinellas transportation plan involves a 300% tax increase.,fake,no-tax-tracks,"taxes,transportation",organization,on their website,Twitter,Health,2024-02-21,0.491,0.5
88,I'm probably one of the four or five best-known Americans in the world.,fake,rudy-giuliani,candidates-biography,republican,a comment to reporters in London.,Facebook,Health,2024-01-22,0.43,0.425
13492,Says he won the popular vote if you deduct the millions of people who voted illegally.,fake,donald-trump,"elections,immigration",republican,a tweet,Telegram,Mainstream,2024-08-10,0.179,0.27
6317,The health care law includes a 3.8% sales tax on all real estate transactions.,fake,chain-email,"health-care,taxes",none,a chain email,Telegram,Politics,2024-01-29,0.79,0.076
154,"It's just outrageous that under President Bush, the National Institutes of Health have been basically decreased in funding.",fake,hillary-clinton,bush-administration,democrat,"Philadelphia, Pa.",Facebook,Conspiracy,2024-11-19,0.531,0.656
12668,"Says MarkKirk called for the mass arrest of 18,000 African Americans andwas apparently fine with Trumps #StillTooRacist call for mass deportation.",fake,tammy-duckworth,"crime,guns,public-safety",democrat,a tweet,Twitter,Politics,2024-06-11,0.322,0.333
13424,"Prior to Obamacare here in Wisconsin, 95 percent of Wisconsinites were covered by insurance. After Obamacare, 95 percent of Wisconsinites were covered by insurance. It hasnt had an impact.",fake,ron-johnson,health-care,republican,a U.S. Senate debate,Facebook,Conspiracy,2024-11-27,0.528,0.488
5472,Mitt Romney left Massachusetts $1 billion in debt.,fake,red-white-and-blue-fund,"deficit,job-accomplishments,message-machine-2012,state-budget,state-finances",none,a campaign ad,Reddit,Science,2024-08-15,0.762,0.0
7903,"A data system that goes along with Common Core is designed to collect up to 400 data points on each child, which can include personally identifiable data.",fake,angela-bean,"education,privacy",republican,a newspaper article,Telegram,Health,2024-11-12,0.534,0.0
10693,"We have towns in West Texas that are out of water, that are having to truck in water.",fake,sid-miller,water,republican,a symposium on water hosted by the Texas Tribune,Facebook,Mainstream,2024-03-11,0.712,0.333
1195,"Insurers delayed an Illinois man's treatment, and he died because of it.",fake,barack-obama,health-care,democrat,a speech to a joint session of Congress,Twitter,Science,2024-03-09,0.588,0.683
13157,Says Hillary Clinton wants to bring in thousands of refugees to America from all around the world without any kind of security screening.,fake,rick-scott,immigration,republican,a Facebook post,WhatsApp,Conspiracy,2024-05-03,0.772,0.554
13240,"Says Sidney Blumenthal wrote that the Benghazi attack was almost certainly preventable. Clinton was in charge of the State Department, and it failed to protect U.S. personnel and an American consulate in Libya.",fake,donald-trump,"foreign-policy,terrorism",republican,"a rally in Wilkes-Barre, Pa.",Reddit,Politics,2024-07-14,0.672,0.27
12471,"Says Obama wants to give (Iran) nuclear weapons and Michael Bennet, he was all for it.",fake,jon-keyser,nuclear,republican,a TV ad,WhatsApp,Health,2024-07-15,0.733,0.0
6638,Women receive only 77 cents for every dollar a man earns.,real,diana-degette,"jobs,women",democrat,a Democratic National Convention speech,WhatsApp,Health,2024-07-24,0.504,1.0
1560,"When Social Security started, age expectancy for the average man was 58. It was 62 -- 62 for women.",real,glenn-beck,"health-care,history,pundits,social-security",none,comments on his television show,Reddit,Mainstream,2024-07-27,0.357,0.333
1630,The American people will be appalled to learn the health care bill exempts (congressional) leadership and committee staff.,real,tom-coburn,health-care,republican,comments to reporters,WhatsApp,Science,2024-11-13,0.26,0.5
8724,Granite Staters who hold individual policies from Anthem...can indeed renew their policies and keep their current doctors and hospitals in 2014.,real,carol-shea-porter,health-care,democrat,a press release,Twitter,Science,2024-03-09,0.454,0.667
4348,"Rick Perry has advocated abandoning Social Security, scuttling Medicaid and ending the federal income tax.",real,margaret-carlson,"medicaid,social-security,taxes",none,a politics column.,Twitter,Politics,2024-01-08,0.277,1.0
7763,"Four balanced budgets in a row, with no new taxes for anyone. The best job growth in 12 years. Nearly 130,000 new private-sector jobs. Merit pay to reward New Jerseys best teachers, and the most education funding ever.",real,chris-christie,"education,state-budget,state-finances",republican,a TV ad,WhatsApp,Mainstream,2024-11-23,0.445,0.568
6696,"Says if current trends continue, by 2040, one out of three Texas workers will not have a high school diploma.",real,bill-hammond,"education,population",republican,an opinion article in the Houston Chronicle.,Reddit,Mainstream,2024-05-17,0.471,0.5
5397,"After Arizona banned smoking in all public places in 2007, admissions for acute myocardial infarction stroke, asthma, [and] angina decreased following the implementation of the ban.",real,richard-morrison,"public-health,market-regulation,states",democrat,a legislative hearing,Reddit,Mainstream,2024-09-14,0.476,1.0
12539,"@realDonaldTrump is coming to San Antonio, which is 60% Mexican-AMERICAN.",real,joaquin-castro,"civil-rights,elections,immigration",democrat,a tweet,WhatsApp,Conspiracy,2024-02-10,0.753,0.75
10090,"Every time somebody new gets the Ebola virus, it mutates.",real,glenn-beck,"ebola,public-health",none,"a broadcast of the ""Glenn Beck Program""",WhatsApp,Health,2024-05-12,0.493,0.333
7074,Sixty percent of New Jersey doctors do not accept Medicaid patients.,real,steve-lonegan,medicaid,republican,an op-ed on the Asbury Park Press' website,Telegram,Health,2024-07-07,0.752,0.4
5288,"Says New Jersey is down nearly 200,000 jobs from its pre-recession peak and with Gov. Chris Christie New Jersey has trailed the rest of America when it comes to unemployment for 12 consecutive months.",real,one-new-jersey,"economy,job-accomplishments,jobs",democrat,an article posted on One New Jersey’s website,Facebook,Conspiracy,2024-05-06,0.075,1.0
10058,"832,000 people lost their job while (Charlie Crist was)governor.",real,rick-scott,"economy,jobs",republican,a gubernatorial debate in Miramar,Telegram,Conspiracy,2024-07-12,0.537,0.554
11805,"Since John F. Kennedy was assassinated in 1963, more Americans have died by gunfire within our own country than American servicemen and women who were killed in all our wars.",real,virginia-center-public-safety,guns,organization,a rally flier,WhatsApp,Politics,2024-09-10,0.04,1.0
11178,Says hewas one of the chief architects of balancing the federalbudget.,real,john-kasich,federal-budget,republican,"an interview with ""This Week"" host George Stephanopoulos",Twitter,Mainstream,2024-03-11,0.627,0.583
6320,Gov. Romneys plan would cut taxes for the folks at the very top.,real,barack-obama,"message-machine-2012,taxes",democrat,an advertisement,Reddit,Conspiracy,2024-01-18,0.272,0.683
13336,"In 1928 school boards sent home letters with children saying that if Al Smith is elected president, you will not be allowed to have or read a Bible.",real,hillary-clinton,"elections,history,religion",democrat,a speech at the Alfred E. Smith Memorial Dinner,Facebook,Conspiracy,2024-02-04,0.295,0.656
3493,"Since Corey Stewart became chairman in November 2006, unemployment is up 150% and average home price sales are down $150,000.",real,babur-lateef,"economy,housing,jobs",democrat,a YouTube video.,Facebook,Mainstream,2024-05-26,0.388,1.0
1498,Says she stopped Capital Metro from raising fares for senior and disabled citizens.,real,margaret-gomez,disability,democrat,a campaign flier.,Twitter,Health,2024-04-29,0.207,1.0
8680,Greg Abbott defended more than $5 billion in public school funding cuts in fighting hundreds of school districts in court.,real,wendy-davis,"education,state-budget,state-finances",democrat,a post on her campaign website,WhatsApp,Mainstream,2024-02-18,0.256,0.741
13334,Says hes taken an 8% pay decrease in each of the nine years he has been in office.,real,gerald-daugherty,"candidates-biography,county-budget,county-government",republican,his campaign website,WhatsApp,Mainstream,2024-07-31,0.518,0.5
8923,Obamacare includes a $700 billion cut from Medicare for seniors.,real,national-republican-congressional-committee,"elections,health-care,medicare",republican,a television ad,Reddit,Mainstream,2024-05-12,0.53,0.271
9847,"After merging with Tim Hortons of Canada, Burger King is not moving. Our headquarters will remain in Miami and (we) will continue to pay all of our federal, state and local U.S. taxes.",real,burger-king,"corporations,taxes",none,a Facebook post,Twitter,Health,2024-03-22,0.478,1.0
5865,"Says the average Ohio student graduates from a four-year college or university with nearly $27,000 in tuition debt.",real,sherrod-brown,education,democrat,a news release,Facebook,Science,2024-11-20,0.311,0.619
3491,Regime change (in Iraq) took eight years,real,barack-obama,"foreign-policy,military",democrat,a televised address,Twitter,Science,2024-01-13,0.217,0.683
4995,Ive done more impeachments than anybody else in the history of the country.,real,jim-sensenbrenner,"congressional-rules,criminal-justice,history,job-accomplishments",republican,a House Judiciary Committee hearing,Facebook,Science,2024-10-01,0.443,0.143
2177,Harry Reid says he does more for Nevada. Hes done more for unemployment. We were at 4.4 percent. Now were at 14 percent. Hes done more for the foreclosure rate. We have the highest foreclosure rate in the nation. Hes done more for bankruptcy. We have the highest bankruptcy rate in the nation.,real,sharron-angle,"bankruptcy,economy,housing,message-machine",republican,a campaign ad,Twitter,Politics,2024-05-15,0.396,0.2
12757,"Nearly 180,000 illegal immigrants with criminal records, ordered deported from our country, are tonight roaming free to threaten peaceful citizens.",real,donald-trump,immigration,republican,in a speech at the Republican convention,Reddit,Politics,2024-08-11,0.578,0.27
10154,"Says his promise of 250,000 new private sector jobs was a big goal.",real,scott-walker,"economy,jobs",republican,a campaign TV ad,WhatsApp,Health,2024-06-05,0.313,0.48
7885,Says Gov. Rick Scott returned $1 million in federal funding that would have helped the state cover the cost of overseeing insurance rates under the new health care law.,real,bill-nelson,health-care,democrat,an op-ed,Facebook,Conspiracy,2024-05-08,0.272,0.818
5510,Theyre paying a less rate of tax -- these richest people in America -- than they have in the last 80 years.,real,steve-rothman,"taxes,wealth",democrat,a campaign video posted on YouTube,Facebook,Conspiracy,2024-10-16,0.482,0.2
7018,"Were talking right now about a $12 billion hole in our current, so-called balanced state budget.",real,donna-howard,"education,health-care,state-budget",democrat,East Austin meetup of Texans for Obama.,WhatsApp,Politics,2024-04-18,0.508,0.75
13408,Surveys show that many of our citizens think we devote a full quarter or even a third of our federal budget to foreign aid.,real,john-kerry,"federal-budget,foreign-policy",democrat,a speech at the Chicago Council on Global Affairs,Reddit,Politics,2024-11-15,0.181,0.583
10912,500 percent more traffic here?,real,anonymous-activist,"city-budget,city-government",none,yard signs posted anonymously opposing a proposed office park redevelopment in Northwest Austin,Reddit,Politics,2024-09-17,0.425,1.0
8908,Says Rep. Renee Ellmers voted for the government shutdown 21 times.,real,clay-aiken,"congress,congressional-rules,health-care",democrat,a YouTube campaign announcement,WhatsApp,Politics,2024-07-16,0.32,1.0
9942,"Last weeks three most-viewed television programs wereSunday Night Football, Thursday Night Football and Monday Night Football.",real,george-will,sports,columnist,"a panel on ""Fox News Sunday""",WhatsApp,Politics,2024-10-31,0.132,0.364
12506,"The labor force participation rate -- the share of the potential workforce that is actually working or looking for work-- currently stands below 63%, the lowest level since the 1970s.",real,dave-brat,"economy,jobs",republican,Facebook post.,Facebook,Mainstream,2024-08-26,0.804,0.222
323,"Hillary Clinton ""agreed with (John McCain) on voting for the war in Iraq.""",real,barack-obama,iraq,democrat,Denver,Twitter,Health,2024-08-23,0.472,0.683
10808,There are more poor people today as a percentage of our population than the 1970s.,real,jeb-bush,poverty,republican,an interview with reporters at the North Carolina GOP headquarters,Reddit,Science,2024-03-16,0.21,0.631
2755,"(John) Kasich was the architect who balanced the budget, cut spending, created a surplus, igniting record job creation.",real,john-kasich,"economy,federal-budget,job-accomplishments,message-machine",republican,a campaign video,Twitter,Science,2024-03-12,0.361,0.583
5101,"Since the passage of Obamas stimulus package, over 1 million additional jobs were lost and nearly 25 million Americans are out of work, are stuck in part-time work, or have given up looking.",real,mitt-romney,"jobs,stimulus",republican,a campaign mailer,Twitter,Health,2024-09-17,0.384,0.517
3798,"For decades before I was elected, governors tried and failed to get Minnesota out of the top 10 highest-taxed states in the country. I actually did it.",real,tim-pawlenty,"history,state-finances,states,taxes",republican,a speech to announce his presidential candidacy,Facebook,Politics,2024-09-20,0.243,0.6
11331,The Obama administrations own Environmental Protection Agency has said its Clean Power Plan will have a marginal impact on climate change.,real,scott-walker,"climate-change,energy,environment,government-regulation",republican,a debate,Facebook,Health,2024-05-31,0.414,0.48
2097,"By 12th grade, more than 3 out of 10 girls have been pregnant at least once.",real,georgia-association-homes-and-services-children,"families,women",none,a newsletter,Reddit,Science,2024-03-07,0.073,1.0
2304,"In this country, we have a 25 percent dropout rate.",real,arne-duncan,"education,abc-news-week",democrat,"an interview on ABC's ""This Week with Christiane Amanpour""",Facebook,Conspiracy,2024-06-24,0.311,0.5
3306,"One half of federal spending goes to Social Security, Medicare and Medicaid while the other half goes to other programs funded with money borrowed from a foreign land.",real,rob-woodall,federal-budget,republican,a town hall meeting,Twitter,Health,2024-02-25,0.202,1.0
4470,[The state ethics commission] took absolutely the same percent of cuts as most other state agencies. They were somewhere in the 7 percent range same as the governors office.,real,nathan-deal,ethics,republican,an interview,Reddit,Politics,2024-03-19,0.303,0.611
1829,Says his opponent Dorman Grace brags on his Facebook page about receiving illegal campaign contributions.,real,dale-peterson,"agriculture,campaign-finance,ethics,message-machine",republican,a campaign commercial,Reddit,Science,2024-10-23,0.217,0.5
10086,"In the past three years, we have prosecuted or brought more cases on access to public records than in the previous 12 years combined.",real,peter-kilmartin,"candidates-biography,government-efficiency,government-regulation,history,job-accomplishments,legal-issues,transparency",democrat,an interview on Rhode Island Public Radio,Twitter,Conspiracy,2024-12-19,0.643,0.75
13469,"Financial conflict-of-interest laws dont apply to the president, right? So, the president doesnt have to have a blind trust.",real,rudy-giuliani,"campaign-finance,ethics",republican,"CNN's ""State of the Union""",Twitter,Science,2024-12-07,0.306,0.425
2555,"The years that I was speaker, the Florida House consistently offered leaner budgets than the governor offered.",real,marco-rubio,"state-budget,taxes",republican,an ABC News U.S. Senate debate.,Reddit,Mainstream,2024-10-10,0.728,0.519
9885,"Under Rick Scott, homeowners are paying higher (home insurance) premiums for less coverage.",real,charlie-crist,"florida,market-regulation",democrat,a campaign document,Twitter,Conspiracy,2024-12-10,0.425,0.6
9772,Says Charlie Crist rode on a jet that belongs to a serial polluter with a history of environmental violations fined nearly $2 million for polluting water.,real,republican-party-florida,"climate-change,elections",republican,a campaign commercial,WhatsApp,Science,2024-10-04,0.381,0.375
2119,"Because of union rules, cooks helpers moved into DMV jobs they were not trained for",real,john-robitaille,government-efficiency,republican,a comment on Newsmakers,Telegram,Politics,2024-02-25,0.263,0.667
1526,Says he never donates to Democrats while Paul Workman contributes to Democrat Kirk Watson and other Democrats running against Republicans.,real,david-sewell,elections,republican,a campaign flier,Facebook,Mainstream,2024-04-12,0.268,1.0
304,"If you are African-American in this country today, you are likely to have a net worth of about 10 percent of what white families have.",real,john-edwards,poverty,democrat,"a debate in Myrtle Beach, S.C.",Telegram,Politics,2024-10-03,0.601,0.727
12658,We got the highest vote count in the history of the Republican Party.,real,donald-trump,"candidates-biography,elections,history,polls",republican,"a speech in Raleigh, N.C.",Facebook,Politics,2024-01-17,0.192,0.27
1831,"Bill McCollumhas ""recovered $200 million in Medicaid fraud.""",real,jeb-bush,"elections,florida,job-accomplishments,message-machine",republican,a campaign commercial for Bill McCollum,Reddit,Mainstream,2024-02-10,0.341,0.631
4193,The federal government is spending 25 percent of our entire economy versus 100 years ago we spent only 2 percent.,real,ron-johnson,"deficit,federal-budget,taxes",republican,a television interview,Telegram,Health,2024-12-14,0.531,0.488
12816,The Koch network (is) spending more money (in a Senate race) in Ohio than anywhere else in the country.,real,sherrod-brown,"campaign-finance,elections",democrat,fundraising email,Reddit,Mainstream,2024-09-28,0.466,0.619
4848,The U.S. would gainrevenue by cutting personal income tax rates in half and ending tax breaks.,real,mark-warner,"deficit,taxes",democrat,a TV interview.,Reddit,Science,2024-07-26,0.534,0.692
3500,Says David Prosser = Scott Walker.,real,greater-wisconsin-political-fund,"candidates-biography,job-accomplishments,labor,state-budget",none,a television ad,Telegram,Conspiracy,2024-09-20,0.375,0.364
6683,$16 trillion (the national debt) in $1 bills would cover the entire state of Ohio nearly 1.5 times.,real,rob-portman,"debt,deficit,federal-budget",republican,a news release,Reddit,Politics,2024-01-21,0.115,0.71
13111,Says Israel profiles based on ethnicity and does it very successfully.,real,donald-trump,"israel,terrorism",republican,an interview on Fox News,Facebook,Mainstream,2024-05-10,0.785,0.27
13219,"Says Patrick Murphy supports a gun ban on commonly owned semi-automatic firearms used for hunting, recreational shooting and self defense.",real,national-rifle-association,guns,none,a campaign mailer,Facebook,Science,2024-09-20,0.415,0.353
7090,"Every American now is $51,000 in debt. Thats money I owe, thats money my children owe before they even go to kindergarten, thats their check to the federal government right now.",real,caroline-casagrande,"debt,deficit",republican,"an interview with NJTV's Michael Aron for ""On The Record""",Reddit,Conspiracy,2024-03-10,0.47,1.0
6330,We created as many jobs in the first six months of this year as we did in all of 2011 and 2011 was the best single year for private-sector job growth since the year 2000.,real,chris-christie,jobs,republican,a news conference,WhatsApp,Science,2024-10-24,0.196,0.568
10896,There is not a single documented case of abuse of the bulk metadata collectionprogram.,real,marco-rubio,"homeland-security,terrorism",republican,a USA Today op-ed,WhatsApp,Science,2024-05-23,0.534,0.519
330,(Romney's) record was that he raised taxes by $730-million.,real,john-mccain,taxes,republican,"a debate in Simi Valley, Calif.",Facebook,Conspiracy,2024-06-16,0.163,0.466
13093,"Says Charlie Crist stood there, over 3 African-American prisoners inchains, on their knees, on the side of the road. Saying that it was a great sight. Saying we needed to bring it to Florida.And you did this whether you know or not on the eve of Juneteenth, the day the African-American community celebrates the end of slavery.",real,david-jolly,criminal-justice,republican,a debate,WhatsApp,Health,2024-04-13,0.176,0.333
3311,"The richest 400 taxpayers are taxed at a lower rate than a $29,000-a-year worker",real,sheldon-whitehouse,"income,taxes",democrat,a speech ,Twitter,Science,2024-12-26,0.283,0.643
7912,Some of these members of the House of Representatives get hundreds of thousands of dollars in farm subsidies but want to cut food stamps.,real,sherrod-brown,"agriculture,federal-budget,poverty,welfare",democrat,a conference call with reporters,Telegram,Conspiracy,2024-06-11,0.157,0.619
3510,"Says Chris Abele, opponent in Milwaukee County executive race, failed to finish 3 separate colleges, dropping out all 3 times.",real,jeff-stone,"candidates-biography,education",republican,a campaign flier,Reddit,Politics,2024-11-22,0.187,0.5
1491,"In the three months before the act took effect, America lost 750,000 jobs a month. In the last three months, we've lost about 35,000 jobs a month.",real,joe-biden,stimulus,democrat,an op-ed in 'USA Today',Reddit,Health,2024-10-06,0.041,0.597
1435,We cut taxes for 95 percent of working families.,real,barack-obama,"economy,stimulus,taxes,workers",democrat,a State of the Union speech,WhatsApp,Conspiracy,2024-09-13,0.447,0.683
10347,"Says President Barack Obamasown administration has done five environmental impact assessments of the Keystone XL pipeline, all of which have said it would have a minimum impact on the environment.",real,john-thune,"energy,environment,jobs",republican,"comments on ""Fox News Sunday""",Reddit,Conspiracy,2024-03-21,0.32,0.5
2614,"If you want to see the jobs that Ive saved and created in this storm he helped create, go anywhere in Ohio.",real,lee-fisher,job-accomplishments,democrat,a debate ,Telegram,Mainstream,2024-02-28,0.245,0.5
3013,"In 1998, nearly half of Floridas fourth-graders were functionally illiterate. Today, 72% of them can read.",real,jeb-bush,education,republican,a Wall Street Journal op-ed piece.,Reddit,Politics,2024-10-22,0.177,0.631
13347,"Says Donald Trump is the first person running for president, Republican or Democrat, who refused to say that he would respect the results of this election.",real,hillary-clinton,"elections,history",democrat,a rally in New Hampshire,Reddit,Politics,2024-09-26,0.145,0.656
10965,"As a senator, Hillary Clinton has her name on three laws in eight years.",real,jeb-bush,candidates-biography,republican,an interview with Sean Hannity on Fox News,WhatsApp,Politics,2024-12-15,0.464,0.631
6011,Women have come through the recession worse off than men the numbers bear that out. We went from a 7 percent unemployment rate for women when he (President Barack Obama) was elected to an 8.1 percent now.,real,caroline-casagrande,"economy,jobs",republican,"an interview on My9TV.com's ""New Jersey Now"" program",Facebook,Mainstream,2024-03-15,0.411,1.0
1516,"Bill McCollum voted four times to raise his own pay, by a total of $51,000, and earns a congressional pension worth more than $75,000 a year.",real,florida-democratic-party,candidates-biography,democrat,an advertisement by the Florida Democratic Party,WhatsApp,Mainstream,2024-03-22,0.563,0.429
1438,A majority of Americans still oppose this health care bill.,real,john-boehner,health-care,republican,a live-blog post during the State of the Union address,Reddit,Science,2024-09-19,0.094,0.288
7221,Says Detroit dumping a bunch of sewage in Lake Erie causes big problems for Ohio.,real,john-kasich,"agriculture,environment,water",republican,a news conference,WhatsApp,Science,2024-09-05,0.495,0.583
2081,"Rob Portman has taken more than $125,000 from Big Oil.",real,lee-fisher,elections,democrat,a news release,Facebook,Politics,2024-08-17,0.5,0.5
8601,Firearms homicides are down about 40 percent since Texas passed concealed-gun permit law.,real,jerry-patterson,"civil-rights,crime,guns",republican,an online campaign video,Twitter,Science,2024-11-08,0.51,0.667
10418,A strong majority of Americans support the Keystone XL pipeline.,real,joni-ernst,"energy,environment,infrastructure",republican,the Republican response to the State of the Union address,WhatsApp,Health,2024-01-06,0.302,0.4
13380,There are Justice Department policies against FBI Director James Comey discussing details of a federal investigation so close to an election.,real,robby-mook,"criminal-justice,government-regulation",democrat,"comments on ""Meet the Press""",Reddit,Mainstream,2024-07-31,0.162,1.0
8564,The state budget has actually grown by $4.6 billion under Gov. Scott Walkers actions.,real,mary-burke,"debt,medicaid,state-budget,state-finances,taxes",democrat,an interview,Facebook,Mainstream,2024-09-20,0.369,0.594
1821,"The primary election results show Democrats are strong in Kentucky because the Democratic candidates ""both got more votes than Rand Paul did.""",real,tim-kaine,"elections,abc-news-week",democrat,an interview on ABC's 'This Week.',Telegram,Conspiracy,2024-07-19,0.396,0.732
5698,"Under the House Republican budget, if these cuts were to be spread out evenly the year after next, nearly 10 million college students would see their financial aid cut by an average of more than $1,000 each.",real,barack-obama,"education,federal-budget",democrat,remarks to a meeting of the Newspaper Association of America,Twitter,Conspiracy,2024-10-22,0.506,0.683
9206,Dan Patrick got caught not paying his taxes and pocketed his employees payroll taxes.,real,david-dewhurst,"bankruptcy,candidates-biography,taxes",republican,a video ad,Twitter,Conspiracy,2024-01-14,0.188,0.417
6302,"The U.S. initially had three federal felonies: treason, piracy, and counterfeiting securities and money.",real,paul-broun,history,republican,in a radio debate,Telegram,Health,2024-12-17,0.176,0.278
9521,Says 95 percent of people caught crossing the U.S.-Mexico border said in a survey we are coming because weve been promised amnesty.,real,ted-cruz,immigration,republican,a press conference ,Facebook,Politics,2024-11-12,0.459,0.306
9085,"Every 20 seconds, a child dies because they lack access to clean water and sanitation.",real,matt-damon,water,none,"comments on ABC's ""This Week""",Reddit,Health,2024-07-14,0.317,1.0
2026,Floridas high school graduation rate falls well below the national average.,real,alex-sink,education,democrat,a statement on her campaign website,Reddit,Mainstream,2024-02-15,0.246,0.667
4567,The Arab Spring drove up gas prices.,real,barack-obama,"economy,energy,foreign-policy",democrat,a press conference at the White House,Twitter,Conspiracy,2024-01-07,0.675,0.683
7936,Says the 2014-15 Texas budget increases spending by less than the rate of inflation and population growth.,real,rick-perry,state-budget,republican,a bill-signing ceremony,Facebook,Conspiracy,2024-09-30,0.336,0.455
8331,"Under economic sanctions, now Iran is suffering 30 percent inflation, 20 percent unemployment.",real,robert-reich,"economy,foreign-policy,pundits",democrat,a roundtable on ABC’s “This Week”,Telegram,Mainstream,2024-02-02,0.336,0.5
12695,There are at least twice as many licensed firearm dealers in California as there are McDonalds.,real,safety-all-initiative,guns,none,an email.,WhatsApp,Health,2024-12-21,0.309,1.0
